{
	"info": {
		"_postman_id": "fc5c0739-8bc4-40bc-bfa3-dbeef527f349",
		"name": "MusicApp",
		"schema": "https://schema.getpostman.com/json/collection/v2.1.0/collection.json"
	},
	"item": [
		{
			"name": "POST/users",
			"request": {
				"method": "POST",
				"header": [],
				"body": {
					"mode": "raw",
					"raw": "{\r\n    \"name\" : \"user1\",\r\n    \"address\" : \"address1\"\r\n}",
					"options": {
						"raw": {
							"language": "json"
						}
					}
				},
				"url": {
					"raw": "http://localhost:8099/users",
					"protocol": "http",
					"host": [
						"localhost"
					],
					"port": "8099",
					"path": [
						"users"
					]
				}
			},
			"response": []
		},
		{
			"name": "GET/users",
			"request": {
				"method": "GET",
				"header": [],
				"url": {
					"raw": "http://localhost:8099/users",
					"protocol": "http",
					"host": [
						"localhost"
					],
					"port": "8099",
					"path": [
						"users"
					]
				}
			},
			"response": []
		},
		{
			"name": "GET/users/{name}",
			"request": {
				"method": "GET",
				"header": [],
				"url": {
					"raw": "http://localhost:8099/users/user1",
					"protocol": "http",
					"host": [
						"localhost"
					],
					"port": "8099",
					"path": [
						"users",
						"user1"
					]
				}
			},
			"response": []
		},
		{
			"name": "GET/users/member/{name}",
			"request": {
				"method": "GET",
				"header": [],
				"url": {
					"raw": "http://localhost:8099/users/member/user1",
					"protocol": "http",
					"host": [
						"localhost"
					],
					"port": "8099",
					"path": [
						"users",
						"member",
						"user1"
					]
				}
			},
			"response": []
		},
		{
			"name": "Delete/users/{name}",
			"request": {
				"method": "DELETE",
				"header": [],
				"url": {
					"raw": "http://localhost:8099/users/user1",
					"protocol": "http",
					"host": [
						"localhost"
					],
					"port": "8099",
					"path": [
						"users",
						"user1"
					]
				}
			},
			"response": []
		},
		{
			"name": "PUT/users",
			"request": {
				"method": "PUT",
				"header": [],
				"url": {
					"raw": "http://localhost:8099/users?name1=user1&name2=user1.2",
					"protocol": "http",
					"host": [
						"localhost"
					],
					"port": "8099",
					"path": [
						"users"
					],
					"query": [
						{
							"key": "name1",
							"value": "user1"
						},
						{
							"key": "name2",
							"value": "user1.2"
						}
					]
				}
			},
			"response": []
		},
		{
			"name": "Delete/addresses/{id}",
			"request": {
				"method": "DELETE",
				"header": [],
				"url": {
					"raw": "http://localhost:8099/addresses/1",
					"protocol": "http",
					"host": [
						"localhost"
					],
					"port": "8099",
					"path": [
						"addresses",
						"1"
					]
				}
			},
			"response": []
		},
		{
			"name": "PUT/addresses",
			"request": {
				"method": "PUT",
				"header": [],
				"url": {
					"raw": "http://localhost:8099/addresses?id=1&name=address1.2",
					"protocol": "http",
					"host": [
						"localhost"
					],
					"port": "8099",
					"path": [
						"addresses"
					],
					"query": [
						{
							"key": "id",
							"value": "1"
						},
						{
							"key": "name",
							"value": "address1.2"
						}
					]
				}
			},
			"response": []
		},
		{
			"name": "POST/songs",
			"request": {
				"method": "POST",
				"header": [],
				"body": {
					"mode": "raw",
					"raw": "{\r\n    \"name\" : \"song1\",\r\n    \"artistId\" : 1\r\n}",
					"options": {
						"raw": {
							"language": "json"
						}
					}
				},
				"url": {
					"raw": "http://localhost:8099/songs",
					"protocol": "http",
					"host": [
						"localhost"
					],
					"port": "8099",
					"path": [
						"songs"
					]
				}
			},
			"response": []
		},
		{
			"name": "GET/songs",
			"request": {
				"method": "GET",
				"header": [],
				"url": {
					"raw": "http://localhost:8099/songs",
					"protocol": "http",
					"host": [
						"localhost"
					],
					"port": "8099",
					"path": [
						"songs"
					]
				}
			},
			"response": []
		},
		{
			"name": "GET/songs/{name}",
			"request": {
				"method": "GET",
				"header": [],
				"url": {
					"raw": "http://localhost:8099/songs/song1",
					"protocol": "http",
					"host": [
						"localhost"
					],
					"port": "8099",
					"path": [
						"songs",
						"song1"
					]
				}
			},
			"response": []
		},
		{
			"name": "GET/songs/member/{name}",
			"request": {
				"method": "GET",
				"header": [],
				"url": {
					"raw": "http://localhost:8099/songs/member/song1",
					"protocol": "http",
					"host": [
						"localhost"
					],
					"port": "8099",
					"path": [
						"songs",
						"member",
						"song1"
					]
				}
			},
			"response": []
		},
		{
			"name": "GET/songs/filterByArtistName",
			"request": {
				"method": "GET",
				"header": [],
				"url": {
					"raw": "http://localhost:8099/songs/filterByArtistName?artistName=artist1",
					"protocol": "http",
					"host": [
						"localhost"
					],
					"port": "8099",
					"path": [
						"songs",
						"filterByArtistName"
					],
					"query": [
						{
							"key": "artistName",
							"value": "artist1"
						}
					]
				}
			},
			"response": []
		},
		{
			"name": "Delete/songs/{name}",
			"request": {
				"method": "DELETE",
				"header": [],
				"url": {
					"raw": "http://localhost:8099/songs/song1",
					"protocol": "http",
					"host": [
						"localhost"
					],
					"port": "8099",
					"path": [
						"songs",
						"song1"
					]
				}
			},
			"response": []
		},
		{
			"name": "PUT/songs",
			"request": {
				"method": "PUT",
				"header": [],
				"url": {
					"raw": "http://localhost:8099/songs?name1=song1&name2=song1.2",
					"protocol": "http",
					"host": [
						"localhost"
					],
					"port": "8099",
					"path": [
						"songs"
					],
					"query": [
						{
							"key": "name1",
							"value": "song1"
						},
						{
							"key": "name2",
							"value": "song1.2"
						}
					]
				}
			},
			"response": []
		},
		{
			"name": "POST/users_songs",
			"request": {
				"method": "POST",
				"header": [],
				"body": {
					"mode": "raw",
					"raw": "{\r\n    \"userId\" : 1,\r\n    \"songId\" : 1\r\n}",
					"options": {
						"raw": {
							"language": "json"
						}
					}
				},
				"url": {
					"raw": "http://localhost:8099/users_songs",
					"protocol": "http",
					"host": [
						"localhost"
					],
					"port": "8099",
					"path": [
						"users_songs"
					]
				}
			},
			"response": []
		},
		{
			"name": "GET/users_songs/{id}",
			"request": {
				"method": "GET",
				"header": [],
				"url": {
					"raw": "http://localhost:8099/users_songs/1",
					"protocol": "http",
					"host": [
						"localhost"
					],
					"port": "8099",
					"path": [
						"users_songs",
						"1"
					]
				}
			},
			"response": []
		},
		{
			"name": "GET/users_songs/filterByUserName",
			"request": {
				"method": "GET",
				"header": [],
				"url": {
					"raw": "http://localhost:8099/users_songs/filterByUserName?userName=user1",
					"protocol": "http",
					"host": [
						"localhost"
					],
					"port": "8099",
					"path": [
						"users_songs",
						"filterByUserName"
					],
					"query": [
						{
							"key": "userName",
							"value": "user1"
						}
					]
				}
			},
			"response": []
		},
		{
			"name": "GET/users_songs/filterBySongName",
			"request": {
				"method": "GET",
				"header": [],
				"url": {
					"raw": "http://localhost:8099/users_songs/filterBySongName?songName=song1",
					"protocol": "http",
					"host": [
						"localhost"
					],
					"port": "8099",
					"path": [
						"users_songs",
						"filterBySongName"
					],
					"query": [
						{
							"key": "songName",
							"value": "song1"
						}
					]
				}
			},
			"response": []
		},
		{
			"name": "Delete/users_songs/{id}",
			"request": {
				"method": "DELETE",
				"header": [],
				"url": {
					"raw": "http://localhost:8099/users_songs/1",
					"protocol": "http",
					"host": [
						"localhost"
					],
					"port": "8099",
					"path": [
						"users_songs",
						"1"
					]
				}
			},
			"response": []
		},
		{
			"name": "POST/artists",
			"request": {
				"method": "POST",
				"header": [],
				"body": {
					"mode": "raw",
					"raw": "{\r\n    \"name\" : \"artist1\"\r\n}",
					"options": {
						"raw": {
							"language": "json"
						}
					}
				},
				"url": {
					"raw": "http://localhost:8099/artists",
					"protocol": "http",
					"host": [
						"localhost"
					],
					"port": "8099",
					"path": [
						"artists"
					]
				}
			},
			"response": []
		},
		{
			"name": "GET/artists",
			"request": {
				"method": "GET",
				"header": [],
				"url": {
					"raw": "http://localhost:8099/artists",
					"protocol": "http",
					"host": [
						"localhost"
					],
					"port": "8099",
					"path": [
						"artists"
					]
				}
			},
			"response": []
		},
		{
			"name": "GET/artists/{name}",
			"request": {
				"method": "GET",
				"header": [],
				"url": {
					"raw": "http://localhost:8099/artists/artist1",
					"protocol": "http",
					"host": [
						"localhost"
					],
					"port": "8099",
					"path": [
						"artists",
						"artist1"
					]
				}
			},
			"response": []
		},
		{
			"name": "GET/artists/member/{name}",
			"request": {
				"method": "GET",
				"header": [],
				"url": {
					"raw": "http://localhost:8099/artists/member/artist1",
					"protocol": "http",
					"host": [
						"localhost"
					],
					"port": "8099",
					"path": [
						"artists",
						"member",
						"artist1"
					]
				}
			},
			"response": []
		},
		{
			"name": "Delete/artists/{name}",
			"request": {
				"method": "DELETE",
				"header": [],
				"url": {
					"raw": "http://localhost:8099/artists/artist1",
					"protocol": "http",
					"host": [
						"localhost"
					],
					"port": "8099",
					"path": [
						"artists",
						"artist1"
					]
				}
			},
			"response": []
		},
		{
			"name": "PUT/artists",
			"request": {
				"method": "PUT",
				"header": [],
				"url": {
					"raw": "http://localhost:8099/artists?name1=artist1&name2=artist1.2",
					"protocol": "http",
					"host": [
						"localhost"
					],
					"port": "8099",
					"path": [
						"artists"
					],
					"query": [
						{
							"key": "name1",
							"value": "artist1"
						},
						{
							"key": "name2",
							"value": "artist1.2"
						}
					]
				}
			},
			"response": []
		}
	]
}